repository_owner,repository_name,file_url,candidate_instruction_count,final_not_to_do_count,final_not_to_do_pct_of_file,has_final_not_to_do,first_sentence_index,last_sentence_index
abh,ntppool,https://github.com/abh/ntppool/blob/main/CLAUDE.md,247,36,14.574899,1,1,90
actnwit,RhodoniteTS,https://github.com/actnwit/RhodoniteTS/blob/main/CLAUDE.md,57,2,3.508772,1,1,39
AhmedElywa,prisma-tools,https://github.com/AhmedElywa/prisma-tools/blob/main/CLAUDE.md,90,2,2.222222,1,1,21
ajanraj,OpenChat,https://github.com/ajanraj/OpenChat/blob/main/CLAUDE.md,135,12,8.888889,1,1,107
allenai,open-instruct,https://github.com/allenai/open-instruct/blob/main/CLAUDE.md,53,7,13.207547,1,1,36
allthingsida,qscripts,https://github.com/allthingsida/qscripts/blob/main/CLAUDE.md,52,0,0.000000,0,1,46
angular-eslint,angular-eslint,https://github.com/angular-eslint/angular-eslint/blob/main/CLAUDE.md,77,8,10.389610,1,1,61
anyproto,anytype-mcp,https://github.com/anyproto/anytype-mcp/blob/main/CLAUDE.md,47,0,0.000000,0,1,11
anyproto,anytype-swift,https://github.com/anyproto/anytype-swift/blob/main/CLAUDE.md,83,7,8.433735,1,1,9
anyproto,anytype-ts,https://github.com/anyproto/anytype-ts/blob/main/CLAUDE.md,231,17,7.359307,1,1,182
Azure,LogicAppsUX,https://github.com/Azure/LogicAppsUX/blob/main/CLAUDE.md,142,9,6.338028,1,1,121
badlogic,lemmy,https://github.com/badlogic/lemmy/blob/main/CLAUDE.md,6,2,33.333333,1,2,3
berachain,beacon-kit,https://github.com/berachain/beacon-kit/blob/main/CLAUDE.md,345,1,0.289855,1,1,203
BerriAI,litellm,https://github.com/BerriAI/litellm/blob/main/CLAUDE.md,163,25,15.337423,1,1,122
blokadaorg,blokada,https://github.com/blokadaorg/blokada/blob/main/CLAUDE.md,1,0,0.000000,0,1,1
browser-use,browser-use,https://github.com/browser-use/browser-use/blob/main/CLAUDE.md,113,14,12.389381,1,1,18
busser,tfautomv,https://github.com/busser/tfautomv/blob/main/CLAUDE.md,64,0,0.000000,0,1,46
CapSoftware,Cap,https://github.com/CapSoftware/Cap/blob/main/CLAUDE.md,235,32,13.617021,1,1,229
clidey,dory,https://github.com/clidey/dory/blob/main/CLAUDE.md,63,4,6.349206,1,1,3
cloudflare,workers-sdk,https://github.com/cloudflare/workers-sdk/blob/main/CLAUDE.md,2,0,0.000000,0,1,2
cloudposse,atmos,https://github.com/cloudposse/atmos/blob/main/CLAUDE.md,283,44,15.547703,1,1,54
cloudwalk,stratus,https://github.com/cloudwalk/stratus/blob/main/CLAUDE.md,95,2,2.105263,1,1,6
cockroachdb,cockroach,https://github.com/cockroachdb/cockroach/blob/master/CLAUDE.md,85,6,7.058824,1,1,81
coder,coder,https://github.com/coder/coder/blob/main/CLAUDE.md,245,30,12.244898,1,1,20
colinhacks,zod,https://github.com/colinhacks/zod/blob/main/CLAUDE.md,120,32,26.666667,1,1,120
Comfy-Org,comfy-claude-prompt-library,https://github.com/Comfy-Org/comfy-claude-prompt-library/blob/master/CLAUDE.md,214,18,8.411215,1,2,129
compiler-explorer,compiler-explorer,https://github.com/compiler-explorer/compiler-explorer/blob/main/CLAUDE.md,111,12,10.810811,1,1,103
compiler-explorer,infra,https://github.com/compiler-explorer/infra/blob/main/CLAUDE.md,335,18,5.373134,1,1,317
dailydotdev,apps,https://github.com/dailydotdev/apps/blob/main/CLAUDE.md,187,42,22.459893,1,1,120
domaframework,doma,https://github.com/domaframework/doma/blob/master/CLAUDE.md,3,0,0.000000,0,1,3
dotCMS,core,https://github.com/dotCMS/core/blob/main/CLAUDE.md,45,7,15.555556,1,4,1
dropseed,plain,https://github.com/dropseed/plain/blob/main/CLAUDE.md,88,11,12.500000,1,1,68
dvcrn,mcp-server-siri-shortcuts,https://github.com/dvcrn/mcp-server-siri-shortcuts/blob/main/CLAUDE.md,3,0,0.000000,0,1,3
dymensionxyz,dymension,https://github.com/dymensionxyz/dymension/blob/main/CLAUDE.md,117,3,2.564103,1,1,82
elixir-lsp,vscode-elixir-ls,https://github.com/elixir-lsp/vscode-elixir-ls/blob/master/CLAUDE.md,29,0,0.000000,0,1,29
ensdomains,ens-app-v3,https://github.com/ensdomains/ens-app-v3/blob/main/CLAUDE.md,75,2,2.666667,1,1,4
ESPresense,ESPresense-companion,https://github.com/ESPresense/ESPresense-companion/blob/main/CLAUDE.md,86,2,2.325581,1,1,27
espresso3389,pdfrx,https://github.com/espresso3389/pdfrx/blob/master/CLAUDE.md,1,0,0.000000,0,1,1
evmts,tevm-monorepo,https://github.com/evmts/tevm-monorepo/blob/main/CLAUDE.md,356,14,3.932584,1,1,86
Expensify,App,https://github.com/Expensify/App/blob/main/CLAUDE.md,181,2,1.104972,1,1,134
FastLED,FastLED,https://github.com/FastLED/FastLED/blob/master/CLAUDE.md,78,14,17.948718,1,1,46
FluidGroup,Brightroom,https://github.com/FluidGroup/Brightroom/blob/main/CLAUDE.md,46,2,4.347826,1,1,34
Freika,dawarich,https://github.com/Freika/dawarich/blob/master/CLAUDE.md,281,26,9.252669,1,1,89
fukuball,jieba-php,https://github.com/fukuball/jieba-php/blob/master/CLAUDE.md,110,4,3.636364,1,1,46
geneontology,go-ontology,https://github.com/geneontology/go-ontology/blob/master/CLAUDE.md,259,27,10.424710,1,1,152
gensx-inc,gensx,https://github.com/gensx-inc/gensx/blob/main/CLAUDE.md,90,4,4.444444,1,1,51
getsentry,sentry-cocoa,https://github.com/getsentry/sentry-cocoa/blob/main/CLAUDE.md,115,7,6.086957,1,1,57
getsentry,sentry-java,https://github.com/getsentry/sentry-java/blob/main/CLAUDE.md,3,2,66.666667,1,1,3
getsentry,sentry-javascript,https://github.com/getsentry/sentry-javascript/blob/master/CLAUDE.md,85,12,14.117647,1,1,10
getsentry,sentry-mcp,https://github.com/getsentry/sentry-mcp/blob/main/CLAUDE.md,35,1,2.857143,1,1,4
getsentry,vitest-evals,https://github.com/getsentry/vitest-evals/blob/main/CLAUDE.md,53,3,5.660377,1,1,37
gitpod-io,gitpod,https://github.com/gitpod-io/gitpod/blob/main/CLAUDE.md,105,1,0.952381,1,1,104
gojiplus,tuber,https://github.com/gojiplus/tuber/blob/master/CLAUDE.md,86,3,3.488372,1,1,40
grafbase,grafbase,https://github.com/grafbase/grafbase/blob/main/CLAUDE.md,25,7,28.000000,1,1,15
gronxb,hot-updater,https://github.com/gronxb/hot-updater/blob/main/CLAUDE.md,37,0,0.000000,0,1,21
habibrehmansg,infopanel,https://github.com/habibrehmansg/infopanel/blob/main/CLAUDE.md,149,1,0.671141,1,1,70
hashintel,hash,https://github.com/hashintel/hash/blob/main/CLAUDE.md,47,1,2.127660,1,1,42
hivesolutions,appier,https://github.com/hivesolutions/appier/blob/master/CLAUDE.md,29,1,3.448276,1,1,26
home-assistant,frontend,https://github.com/home-assistant/frontend/blob/master/CLAUDE.md,290,29,10.000000,1,1,15
ithacaxyz,account,https://github.com/ithacaxyz/account/blob/main/CLAUDE.md,146,6,4.109589,1,1,32
ivo-toby,mcp-openapi-server,https://github.com/ivo-toby/mcp-openapi-server/blob/main/CLAUDE.md,95,1,1.052632,1,1,38
J-Tech-Japan,Sekiban,https://github.com/J-Tech-Japan/Sekiban/blob/main/CLAUDE.md,56,6,10.714286,1,1,51
jefago,tiny-markdown-editor,https://github.com/jefago/tiny-markdown-editor/blob/main/CLAUDE.md,41,1,2.439024,1,1,27
johnlindquist,kit,https://github.com/johnlindquist/kit/blob/main/CLAUDE.md,31,2,6.451613,1,1,28
JuliaBesties,BestieTemplate.jl,https://github.com/JuliaBesties/BestieTemplate.jl/blob/main/CLAUDE.md,151,5,3.311258,1,1,85
jxnl,blog,https://github.com/jxnl/blog/blob/main/CLAUDE.md,53,4,7.547170,1,1,43
kaichen,kimicc,https://github.com/kaichen/kimicc/blob/main/CLAUDE.md,2,0,0.000000,0,1,2
kern,filepizza,https://github.com/kern/filepizza/blob/main/CLAUDE.md,51,1,1.960784,1,1,17
kubetail-org,kubetail,https://github.com/kubetail-org/kubetail/blob/main/CLAUDE.md,53,6,11.320755,1,1,42
langchain-ai,agents-from-scratch,https://github.com/langchain-ai/agents-from-scratch/blob/main/CLAUDE.md,29,0,0.000000,0,1,29
langchain-ai,langchain,https://github.com/langchain-ai/langchain/blob/master/CLAUDE.md,125,17,13.600000,1,1,44
lfnovo,esperanto,https://github.com/lfnovo/esperanto/blob/main/CLAUDE.md,138,8,5.797101,1,1,83
lgallard,terraform-aws-backup,https://github.com/lgallard/terraform-aws-backup/blob/master/CLAUDE.md,137,6,4.379562,1,1,85
lgallard,terraform-aws-cognito-user-pool,https://github.com/lgallard/terraform-aws-cognito-user-pool/blob/master/CLAUDE.md,163,2,1.226994,1,1,136
liam-hq,liam,https://github.com/liam-hq/liam/blob/main/CLAUDE.md,45,3,6.666667,1,1,27
lightdash,lightdash,https://github.com/lightdash/lightdash/blob/main/CLAUDE.md,199,12,6.030151,1,1,173
LLFourn,secp256kfun,https://github.com/LLFourn/secp256kfun/blob/master/CLAUDE.md,5,1,20.000000,1,1,5
lollipopkit,flutter_server_box,https://github.com/lollipopkit/flutter_server_box/blob/main/CLAUDE.md,71,7,9.859155,1,1,66
lostleaf,binance_datatool,https://github.com/lostleaf/binance_datatool/blob/main/CLAUDE.md,67,8,11.940299,1,1,23
lumen-notes,lumen,https://github.com/lumen-notes/lumen/blob/main/CLAUDE.md,57,0,0.000000,0,1,56
mckaywrigley,mckays-app-template,https://github.com/mckaywrigley/mckays-app-template/blob/main/CLAUDE.md,38,0,0.000000,0,1,38
michaellatman,mcp-get,https://github.com/michaellatman/mcp-get/blob/main/CLAUDE.md,45,0,0.000000,0,1,45
microsoft,poml,https://github.com/microsoft/poml/blob/main/CLAUDE.md,70,0,0.000000,0,1,70
modelcontextprotocol,typescript-sdk,https://github.com/modelcontextprotocol/typescript-sdk/blob/main/CLAUDE.md,119,4,3.361345,1,1,6
module-federation,core,https://github.com/module-federation/core/blob/main/CLAUDE.md,174,23,13.218391,1,1,109
netdata,netdata,https://github.com/netdata/netdata/blob/master/CLAUDE.md,358,26,7.262570,1,1,339
netlify,cli,https://github.com/netlify/cli/blob/main/CLAUDE.md,86,1,1.162791,1,1,16
nrwl,nx,https://github.com/nrwl/nx/blob/master/CLAUDE.md,108,10,9.259259,1,1,102
numbagg,numbagg,https://github.com/numbagg/numbagg/blob/main/CLAUDE.md,21,3,14.285714,1,1,2
obophenotype,uberon,https://github.com/obophenotype/uberon/blob/master/CLAUDE.md,85,6,7.058824,1,1,58
OlympiaAI,raix,https://github.com/OlympiaAI/raix/blob/main/CLAUDE.md,15,6,40.000000,1,1,8
OneKeyHQ,app-monorepo,https://github.com/OneKeyHQ/app-monorepo/blob/master/CLAUDE.md,77,30,38.961039,1,1,14
op-rs,kona,https://github.com/op-rs/kona/blob/main/CLAUDE.md,67,1,1.492537,1,1,18
Open-LLM-VTuber,Open-LLM-VTuber,https://github.com/Open-LLM-VTuber/Open-LLM-VTuber/blob/main/CLAUDE.md,95,0,0.000000,0,1,59
open-metadata,OpenMetadata,https://github.com/open-metadata/OpenMetadata/blob/main/CLAUDE.md,237,65,27.426160,1,1,233
openai,openai-agents-python,https://github.com/openai/openai-agents-python/blob/main/CLAUDE.md,116,6,5.172414,1,1,17
oraios,serena,https://github.com/oraios/serena/blob/main/CLAUDE.md,5,0,0.000000,0,1,5
owid,etl,https://github.com/owid/etl/blob/master/CLAUDE.md,69,13,18.840580,1,1,12
owid,owid-grapher,https://github.com/owid/owid-grapher/blob/master/CLAUDE.md,63,5,7.936508,1,1,11
pannous,wasp,https://github.com/pannous/wasp/blob/main/CLAUDE.md,119,11,9.243697,1,1,90
paradigmxyz,reth,https://github.com/paradigmxyz/reth/blob/main/CLAUDE.md,146,9,6.164384,1,1,121
pathintegral-institute,mcpm.sh,https://github.com/pathintegral-institute/mcpm.sh/blob/main/CLAUDE.md,12,2,16.666667,1,1,12
pdfme,pdfme,https://github.com/pdfme/pdfme/blob/main/CLAUDE.md,148,2,1.351351,1,1,99
Pipelex,pipelex,https://github.com/Pipelex/pipelex/blob/main/CLAUDE.md,211,39,18.483412,1,1,16
PrefectHQ,marvin,https://github.com/PrefectHQ/marvin/blob/main/CLAUDE.md,30,5,16.666667,1,1,24
princeton-pli,hal-harness,https://github.com/princeton-pli/hal-harness/blob/main/CLAUDE.md,17,4,23.529412,1,1,4
proximafusion,vmecpp,https://github.com/proximafusion/vmecpp/blob/main/CLAUDE.md,110,5,4.545455,1,1,92
qltysh,qlty,https://github.com/qltysh/qlty/blob/main/CLAUDE.md,30,8,26.666667,1,1,25
quarylabs,sqruff,https://github.com/quarylabs/sqruff/blob/main/CLAUDE.md,11,1,9.090909,1,1,8
RchGrav,claudebox,https://github.com/RchGrav/claudebox/blob/main/CLAUDE.md,273,44,16.117216,1,1,213
recallnet,js-recall,https://github.com/recallnet/js-recall/blob/main/CLAUDE.md,24,1,4.166667,1,1,22
receptron,mulmocast-cli,https://github.com/receptron/mulmocast-cli/blob/main/CLAUDE.md,83,1,1.204819,1,1,82
Red-Hat-AI-Innovation-Team,sdg_hub,https://github.com/Red-Hat-AI-Innovation-Team/sdg_hub/blob/main/CLAUDE.md,59,0,0.000000,0,1,45
rocket-admin,rocketadmin,https://github.com/rocket-admin/rocketadmin/blob/main/CLAUDE.md,53,2,3.773585,1,1,13
safety-research,safety-tooling,https://github.com/safety-research/safety-tooling/blob/main/CLAUDE.md,79,8,10.126582,1,1,53
saleor,apps,https://github.com/saleor/apps/blob/main/CLAUDE.md,75,3,4.000000,1,1,58
saleor,saleor,https://github.com/saleor/saleor/blob/main/CLAUDE.md,68,17,25.000000,1,1,62
Skyvern-AI,skyvern,https://github.com/Skyvern-AI/skyvern/blob/master/CLAUDE.md,60,1,1.666667,1,1,7
Southclaws,storyden,https://github.com/Southclaws/storyden/blob/main/CLAUDE.md,57,6,10.526316,1,1,12
speaches-ai,speaches,https://github.com/speaches-ai/speaches/blob/master/CLAUDE.md,18,9,50.000000,1,1,15
spylang,spy,https://github.com/spylang/spy/blob/main/CLAUDE.md,36,4,11.111111,1,4,1
steipete,Peekaboo,https://github.com/steipete/Peekaboo/blob/main/CLAUDE.md,33,6,18.181818,1,2,16
stepfunc,dnp3,https://github.com/stepfunc/dnp3/blob/main/CLAUDE.md,18,4,22.222222,1,2,11
stevehansen,csv,https://github.com/stevehansen/csv/blob/master/CLAUDE.md,67,0,0.000000,0,1,57
syntaxfm,website,https://github.com/syntaxfm/website/blob/main/CLAUDE.md,80,0,0.000000,0,1,34
tech-systems,panes,https://github.com/tech-systems/panes/blob/master/CLAUDE.md,44,0,0.000000,0,1,2
temporalio,ui,https://github.com/temporalio/ui/blob/main/CLAUDE.md,27,1,3.703704,1,1,27
theopenco,llmgateway,https://github.com/theopenco/llmgateway/blob/main/CLAUDE.md,156,21,13.461538,1,1,16
thirdweb-dev,js,https://github.com/thirdweb-dev/js/blob/main/CLAUDE.md,134,10,7.462687,1,1,96
tokens-studio,figma-plugin,https://github.com/tokens-studio/figma-plugin/blob/main/CLAUDE.md,79,0,0.000000,0,1,19
toshimaru,nyan,https://github.com/toshimaru/nyan/blob/main/CLAUDE.md,27,0,0.000000,0,1,27
tphakala,birdnet-go,https://github.com/tphakala/birdnet-go/blob/main/CLAUDE.md,66,8,12.121212,1,1,26
traceloop,openllmetry,https://github.com/traceloop/openllmetry/blob/main/CLAUDE.md,18,2,11.111111,1,1,8
transloadit,uppy,https://github.com/transloadit/uppy/blob/main/CLAUDE.md,74,2,2.702703,1,1,13
truenas,webui,https://github.com/truenas/webui/blob/master/CLAUDE.md,99,14,14.141414,1,1,74
twentyhq,twenty,https://github.com/twentyhq/twenty/blob/main/CLAUDE.md,87,12,13.793103,1,1,60
vaadin,flow,https://github.com/vaadin/flow/blob/main/CLAUDE.md,114,9,7.894737,1,1,88
Veloera,Veloera,https://github.com/Veloera/Veloera/blob/main/CLAUDE.md,12,0,0.000000,0,1,12
vinceglb,FileKit,https://github.com/vinceglb/FileKit/blob/main/CLAUDE.md,23,0,0.000000,0,1,23
Vocab-Apps,anki-hyper-tts,https://github.com/Vocab-Apps/anki-hyper-tts/blob/main/CLAUDE.md,35,0,0.000000,0,1,21
wangkanai,wangkanai,https://github.com/wangkanai/wangkanai/blob/main/CLAUDE.md,3,0,0.000000,0,1,3
wolfi-dev,os,https://github.com/wolfi-dev/os/blob/main/CLAUDE.md,97,12,12.371134,1,1,91
wvlet,airframe,https://github.com/wvlet/airframe/blob/main/CLAUDE.md,73,4,5.479452,1,1,40
wvlet,wvlet,https://github.com/wvlet/wvlet/blob/main/CLAUDE.md,127,9,7.086614,1,1,94
xlnfinance,xln,https://github.com/xlnfinance/xln/blob/main/CLAUDE.md,119,26,21.848739,1,1,13
yamadashy,repomix,https://github.com/yamadashy/repomix/blob/main/CLAUDE.md,27,1,3.703704,1,1,26
yuuki,tcpulse,https://github.com/yuuki/tcpulse/blob/main/CLAUDE.md,74,0,0.000000,0,1,26
zed-industries,zed,https://github.com/zed-industries/zed/blob/main/CLAUDE.md,126,21,16.666667,1,1,115
zenml-io,zenml,https://github.com/zenml-io/zenml/blob/main/CLAUDE.md,282,24,8.510638,1,1,116
Agoric,agoric-sdk,https://github.com/Agoric/agoric-sdk/blob/master/AGENTS.md,62,2,3.225806,1,1,48
alchemiststudiosDOTai,tunacode,https://github.com/alchemiststudiosDOTai/tunacode/blob/master/AGENTS.md,104,9,8.653846,1,1,103
anyproto,anytype-ts,https://github.com/anyproto/anytype-ts/blob/main/AGENTS.md,53,0,0.000000,0,1,53
ArcInstitute,SRAgent,https://github.com/ArcInstitute/SRAgent/blob/main/AGENTS.md,28,3,10.714286,1,1,28
astronomer,airflow-ai-sdk,https://github.com/astronomer/airflow-ai-sdk/blob/main/AGENTS.md,1,0,0.000000,0,1,1
Azure-Samples,serverless-chat-langchainjs,https://github.com/Azure-Samples/serverless-chat-langchainjs/blob/main/AGENTS.md,43,3,6.976744,1,1,22
biolink,biolink-model,https://github.com/biolink/biolink-model/blob/master/AGENTS.md,32,5,15.625000,1,1,30
bionic-gpt,bionic-gpt,https://github.com/bionic-gpt/bionic-gpt/blob/main/AGENTS.md,85,3,3.529412,1,1,56
BoldGrid,w3-total-cache,https://github.com/BoldGrid/w3-total-cache/blob/master/AGENTS.md,30,5,16.666667,1,1,22
bruin-data,bruin,https://github.com/bruin-data/bruin/blob/main/AGENTS.md,144,3,2.083333,1,1,30
cablehead,xs,https://github.com/cablehead/xs/blob/main/AGENTS.md,25,7,28.000000,1,2,14
CapSoftware,Cap,https://github.com/CapSoftware/Cap/blob/main/AGENTS.md,93,20,21.505376,1,1,11
carverauto,serviceradar,https://github.com/carverauto/serviceradar/blob/main/AGENTS.md,244,18,7.377049,1,1,80
catatsuy,private-isu,https://github.com/catatsuy/private-isu/blob/master/AGENTS.md,22,2,9.090909,1,2,1
charlesvestal,extending-move,https://github.com/charlesvestal/extending-move/blob/main/AGENTS.md,170,2,1.176471,1,1,168
commonwarexyz,monorepo,https://github.com/commonwarexyz/monorepo/blob/main/AGENTS.md,230,20,8.695652,1,1,218
cubicdaiya,nginx-build,https://github.com/cubicdaiya/nginx-build/blob/master/AGENTS.md,27,1,3.703704,1,1,23
cybrota,whispr,https://github.com/cybrota/whispr/blob/main/AGENTS.md,20,0,0.000000,0,1,13
dagster-io,mdsfest-opensource-mds,https://github.com/dagster-io/mdsfest-opensource-mds/blob/main/AGENTS.md,16,0,0.000000,0,1,16
DannyMac180,meta-agent,https://github.com/DannyMac180/meta-agent/blob/main/AGENTS.md,55,4,7.272727,1,1,28
DataDog,datadog-agent,https://github.com/DataDog/datadog-agent/blob/main/AGENTS.md,220,8,3.636364,1,1,182
EduardoPires,EquinoxProject,https://github.com/EduardoPires/EquinoxProject/blob/master/AGENTS.md,34,2,5.882353,1,1,2
elamperti,OpenWebScrobbler,https://github.com/elamperti/OpenWebScrobbler/blob/main/AGENTS.md,69,6,8.695652,1,2,66
epicweb-dev,epicshop,https://github.com/epicweb-dev/epicshop/blob/main/AGENTS.md,110,6,5.454545,1,1,93
ESPresense,ESPresense-companion,https://github.com/ESPresense/ESPresense-companion/blob/main/AGENTS.md,30,2,6.666667,1,1,30
evandempsey,fp-growth,https://github.com/evandempsey/fp-growth/blob/master/AGENTS.md,13,0,0.000000,0,1,13
fujiapple852,trippy,https://github.com/fujiapple852/trippy/blob/master/AGENTS.md,24,1,4.166667,1,1,4
gacela-project,gacela,https://github.com/gacela-project/gacela/blob/main/AGENTS.md,36,0,0.000000,0,1,17
getsentry,sentry-mcp,https://github.com/getsentry/sentry-mcp/blob/main/AGENTS.md,35,2,5.714286,1,1,4
gindemit,unity-rlottie,https://github.com/gindemit/unity-rlottie/blob/main/AGENTS.md,18,0,0.000000,0,1,18
giorgosart,react-easy-edit,https://github.com/giorgosart/react-easy-edit/blob/master/AGENTS.md,17,0,0.000000,0,1,8
gitkraken,vscode-gitlens,https://github.com/gitkraken/vscode-gitlens/blob/main/AGENTS.md,136,15,11.029412,1,1,86
gluesql,glues,https://github.com/gluesql/glues/blob/main/AGENTS.md,19,2,10.526316,1,1,12
graphql-python,graphql-server,https://github.com/graphql-python/graphql-server/blob/main/AGENTS.md,10,0,0.000000,0,1,10
hahwul,dalfox,https://github.com/hahwul/dalfox/blob/main/AGENTS.md,134,5,3.731343,1,1,125
hathach,tinyusb,https://github.com/hathach/tinyusb/blob/master/AGENTS.md,69,6,8.695652,1,3,23
herbie-fp,herbie,https://github.com/herbie-fp/herbie/blob/main/AGENTS.md,68,4,5.882353,1,1,16
hotovo,aider-desk,https://github.com/hotovo/aider-desk/blob/main/AGENTS.md,88,0,0.000000,0,1,24
ikamensh,flynt,https://github.com/ikamensh/flynt/blob/master/AGENTS.md,23,0,0.000000,0,1,21
janbjorge,pgqueuer,https://github.com/janbjorge/pgqueuer/blob/main/AGENTS.md,121,20,16.528926,1,2,27
jaredsburrows,android-gif-search,https://github.com/jaredsburrows/android-gif-search/blob/master/AGENTS.md,32,1,3.125000,1,1,31
johnlindquist,kit,https://github.com/johnlindquist/kit/blob/main/AGENTS.md,32,2,6.250000,1,1,15
julep-ai,julep,https://github.com/julep-ai/julep/blob/main/AGENTS.md,216,16,7.407407,1,1,31
JuliaLang,julia,https://github.com/JuliaLang/julia/blob/master/AGENTS.md,93,10,10.752688,1,1,33
jxnl,blog,https://github.com/jxnl/blog/blob/main/AGENTS.md,10,0,0.000000,0,1,7
karakeep-app,karakeep,https://github.com/karakeep-app/karakeep/blob/main/AGENTS.md,46,0,0.000000,0,1,17
katspaugh,wavesurfer.js,https://github.com/katspaugh/wavesurfer.js/blob/main/AGENTS.md,14,1,7.142857,1,1,3
kdroidFilter,Platform-Tools,https://github.com/kdroidFilter/Platform-Tools/blob/master/AGENTS.md,22,1,4.545455,1,1,14
Kiln-AI,Kiln,https://github.com/Kiln-AI/Kiln/blob/main/AGENTS.md,52,4,7.692308,1,1,26
kyryl-opens-ml,no-ocr,https://github.com/kyryl-opens-ml/no-ocr/blob/main/AGENTS.md,12,0,0.000000,0,1,11
langchain-ai,langchain,https://github.com/langchain-ai/langchain/blob/master/AGENTS.md,125,16,12.800000,1,1,44
langfuse,langfuse,https://github.com/langfuse/langfuse/blob/main/AGENTS.md,150,13,8.666667,1,1,150
llama-farm,llamafarm,https://github.com/llama-farm/llamafarm/blob/main/AGENTS.md,64,3,4.687500,1,1,12
logancyang,obsidian-copilot,https://github.com/logancyang/obsidian-copilot/blob/master/AGENTS.md,168,9,5.357143,1,1,157
luccahuguet,yazelix,https://github.com/luccahuguet/yazelix/blob/main/AGENTS.md,247,51,20.647773,1,1,64
maplibre,maputnik,https://github.com/maplibre/maputnik/blob/main/AGENTS.md,9,0,0.000000,0,1,9
marin-community,marin,https://github.com/marin-community/marin/blob/main/AGENTS.md,107,31,28.971963,1,1,71
mark3labs,mcp-go,https://github.com/mark3labs/mcp-go/blob/main/AGENTS.md,19,1,5.263158,1,1,14
mbrt,gmailctl,https://github.com/mbrt/gmailctl/blob/master/AGENTS.md,73,1,1.369863,1,1,2
metacraft-labs,codetracer,https://github.com/metacraft-labs/codetracer/blob/main/AGENTS.md,73,1,1.369863,1,1,17
microsoft,mcp-dotnet-samples,https://github.com/microsoft/mcp-dotnet-samples/blob/main/AGENTS.md,101,2,1.980198,1,1,66
microsoft,mcp-for-beginners,https://github.com/microsoft/mcp-for-beginners/blob/main/AGENTS.md,126,8,6.349206,1,1,30
mixpanel,mixpanel-android,https://github.com/mixpanel/mixpanel-android/blob/master/AGENTS.md,75,9,12.000000,1,1,65
modal-labs,modal-client,https://github.com/modal-labs/modal-client/blob/main/AGENTS.md,33,1,3.030303,1,1,26
modelcontextprotocol,inspector,https://github.com/modelcontextprotocol/inspector/blob/main/AGENTS.md,25,1,4.000000,1,1,12
msgbyte,tianji,https://github.com/msgbyte/tianji/blob/master/AGENTS.md,12,1,8.333333,1,1,5
mvilanova,intervals-mcp-server,https://github.com/mvilanova/intervals-mcp-server/blob/main/AGENTS.md,16,0,0.000000,0,1,15
nornagon,cdda-guide,https://github.com/nornagon/cdda-guide/blob/main/AGENTS.md,38,0,0.000000,0,1,28
ohcnetwork,care_fe,https://github.com/ohcnetwork/care_fe/blob/master/AGENTS.md,15,0,0.000000,0,1,12
openai,openai-agents-python,https://github.com/openai/openai-agents-python/blob/main/AGENTS.md,116,6,5.172414,1,1,17
owid,etl,https://github.com/owid/etl/blob/master/AGENTS.md,69,11,15.942029,1,1,12
pgdogdev,pgdog,https://github.com/pgdogdev/pgdog/blob/main/AGENTS.md,16,0,0.000000,0,1,8
Pipelex,pipelex,https://github.com/Pipelex/pipelex/blob/main/AGENTS.md,190,35,18.421053,1,1,49
PrairieLearn,PrairieLearn,https://github.com/PrairieLearn/PrairieLearn/blob/master/AGENTS.md,180,27,15.000000,1,1,167
pranaygp,vscode-css-peek,https://github.com/pranaygp/vscode-css-peek/blob/master/AGENTS.md,9,0,0.000000,0,2,1
proximafusion,vmecpp,https://github.com/proximafusion/vmecpp/blob/main/AGENTS.md,110,5,4.545455,1,1,92
public-ui,kolibri,https://github.com/public-ui/kolibri/blob/master/AGENTS.md,152,26,17.105263,1,1,56
pulumi,docs,https://github.com/pulumi/docs/blob/master/AGENTS.md,89,11,12.359551,1,1,17
python-cachier,cachier,https://github.com/python-cachier/cachier/blob/master/AGENTS.md,198,13,6.565657,1,1,111
pytorch,pytorch,https://github.com/pytorch/pytorch/blob/main/AGENTS.md,137,13,9.489051,1,3,137
rainbow-me,rainbowkit,https://github.com/rainbow-me/rainbowkit/blob/main/AGENTS.md,91,2,2.197802,1,1,39
Rello,analytics,https://github.com/Rello/analytics/blob/master/AGENTS.md,28,5,17.857143,1,1,28
Rello,audioplayer,https://github.com/Rello/audioplayer/blob/master/AGENTS.md,16,4,25.000000,1,1,15
robinkarlberg,transfer.zip-web,https://github.com/robinkarlberg/transfer.zip-web/blob/main/AGENTS.md,6,0,0.000000,0,1,4
rocketship-ai,rocketship,https://github.com/rocketship-ai/rocketship/blob/main/AGENTS.md,137,3,2.189781,1,1,122
RSSNext,Folo,https://github.com/RSSNext/Folo/blob/main/AGENTS.md,89,9,10.112360,1,1,85
rustfs,rustfs,https://github.com/rustfs/rustfs/blob/main/AGENTS.md,75,14,18.666667,1,2,47
seasonedcc,remix-forms,https://github.com/seasonedcc/remix-forms/blob/main/AGENTS.md,74,7,9.459459,1,1,45
shinnku-nikaidou,shinnku-com,https://github.com/shinnku-nikaidou/shinnku-com/blob/main/AGENTS.md,14,1,7.142857,1,1,8
shopware,shopware,https://github.com/shopware/shopware/blob/master/AGENTS.md,31,4,12.903226,1,1,13
SimonHalvdansson,Harmonic-HN,https://github.com/SimonHalvdansson/Harmonic-HN/blob/main/AGENTS.md,19,2,10.526316,1,1,11
simonw,simonwillisonblog,https://github.com/simonw/simonwillisonblog/blob/main/AGENTS.md,5,0,0.000000,0,1,5
stack-auth,stack-auth,https://github.com/stack-auth/stack-auth/blob/main/AGENTS.md,138,21,15.217391,1,1,104
stevehansen,csv,https://github.com/stevehansen/csv/blob/master/AGENTS.md,8,0,0.000000,0,1,8
sunbeam-labs,sunbeam,https://github.com/sunbeam-labs/sunbeam/blob/main/AGENTS.md,13,0,0.000000,0,1,13
swarmauri,swarmauri-sdk,https://github.com/swarmauri/swarmauri-sdk/blob/main/AGENTS.md,30,2,6.666667,1,1,19
swuecho,chat,https://github.com/swuecho/chat/blob/master/AGENTS.md,102,0,0.000000,0,1,80
theopenco,llmgateway,https://github.com/theopenco/llmgateway/blob/main/AGENTS.md,156,21,13.461538,1,1,16
theosanderson,taxonium,https://github.com/theosanderson/taxonium/blob/master/AGENTS.md,2,1,50.000000,1,1,2
useautumn,autumn,https://github.com/useautumn/autumn/blob/main/AGENTS.md,79,12,15.189873,1,1,13
valkey-io,valkey-glide,https://github.com/valkey-io/valkey-glide/blob/main/AGENTS.md,75,4,5.333333,1,1,58
vinceglb,FileKit,https://github.com/vinceglb/FileKit/blob/main/AGENTS.md,22,0,0.000000,0,1,11
wandb,weave,https://github.com/wandb/weave/blob/master/AGENTS.md,133,8,6.015038,1,1,62
web-infra-dev,rspack,https://github.com/web-infra-dev/rspack/blob/main/AGENTS.md,91,4,4.395604,1,2,69
webgptorg,promptbook,https://github.com/webgptorg/promptbook/blob/main/AGENTS.md,111,14,12.612613,1,1,71
wieslawsoltes,Dock,https://github.com/wieslawsoltes/Dock/blob/master/AGENTS.md,87,18,20.689655,1,1,7
wieslawsoltes,Xaml.Behaviors,https://github.com/wieslawsoltes/Xaml.Behaviors/blob/master/AGENTS.md,87,19,21.839080,1,1,7
ydb-platform,ydb,https://github.com/ydb-platform/ydb/blob/main/AGENTS.md,5,2,40.000000,1,1,3
yoshiko-pg,difit,https://github.com/yoshiko-pg/difit/blob/main/AGENTS.md,22,3,13.636364,1,1,3
Zaki-1052,GPTPortal,https://github.com/Zaki-1052/GPTPortal/blob/main/AGENTS.md,25,2,8.000000,1,1,24
zenml-io,zenml,https://github.com/zenml-io/zenml/blob/main/AGENTS.md,275,25,9.090909,1,1,112
Agoric,agoric-sdk,https://github.com/Agoric/agoric-sdk/blob/master/.github/copilot-instructions.md,21,6,28.571429,1,1,21
Aiko-IT-Systems,DisCatSharp,https://github.com/Aiko-IT-Systems/DisCatSharp/blob/main/.github/copilot-instructions.md,66,2,3.030303,1,1,34
alandtse,alexa_media_player,https://github.com/alandtse/alexa_media_player/blob/master/.github/copilot-instructions.md,90,8,8.888889,1,2,79
ast-grep,ast-grep,https://github.com/ast-grep/ast-grep/blob/main/.github/copilot-instructions.md,72,9,12.500000,1,1,48
AstrBotDevs,AstrBot,https://github.com/AstrBotDevs/AstrBot/blob/master/.github/copilot-instructions.md,43,5,11.627907,1,1,3
aztfmod,terraform-provider-azurecaf,https://github.com/aztfmod/terraform-provider-azurecaf/blob/main/.github/copilot-instructions.md,63,0,0.000000,0,1,40
Azure,AgentBaker,https://github.com/Azure/AgentBaker/blob/main/.github/copilot-instructions.md,208,14,6.730769,1,1,191
Azure,autorest.typescript,https://github.com/Azure/autorest.typescript/blob/main/.github/copilot-instructions.md,256,24,9.375000,1,2,256
Azure,azure-functions-host,https://github.com/Azure/azure-functions-host/blob/master/.github/copilot-instructions.md,30,11,36.666667,1,2,22
Azure,azure-mcp,https://github.com/Azure/azure-mcp/blob/main/.github/copilot-instructions.md,16,1,6.250000,1,1,10
Azure,azure-rest-api-specs,https://github.com/Azure/azure-rest-api-specs/blob/main/.github/copilot-instructions.md,47,3,6.382979,1,1,24
Azure,azure-sdk-for-net,https://github.com/Azure/azure-sdk-for-net/blob/main/.github/copilot-instructions.md,26,1,3.846154,1,1,17
Azure,azure-sdk-tools,https://github.com/Azure/azure-sdk-tools/blob/main/.github/copilot-instructions.md,79,3,3.797468,1,1,34
Azure,fleet,https://github.com/Azure/fleet/blob/main/.github/copilot-instructions.md,44,3,6.818182,1,1,4
Azure-Samples,eShopLite,https://github.com/Azure-Samples/eShopLite/blob/main/.github/copilot-instructions.md,47,0,0.000000,0,1,47
AzureAD,microsoft-identity-web,https://github.com/AzureAD/microsoft-identity-web/blob/master/.github/copilot-instructions.md,2,0,0.000000,0,1,2
backstage,backstage,https://github.com/backstage/backstage/blob/master/.github/copilot-instructions.md,7,0,0.000000,0,1,7
bbc,simorgh,https://github.com/bbc/simorgh/blob/master/.github/copilot-instructions.md,17,5,29.411765,1,1,12
benwbrum,fromthepage,https://github.com/benwbrum/fromthepage/blob/main/.github/copilot-instructions.md,43,1,2.325581,1,1,37
brenocq,implot3d,https://github.com/brenocq/implot3d/blob/main/.github/copilot-instructions.md,23,0,0.000000,0,1,23
BrighterCommand,Brighter,https://github.com/BrighterCommand/Brighter/blob/master/.github/copilot-instructions.md,13,1,7.692308,1,1,4
Chainlit,chainlit,https://github.com/Chainlit/chainlit/blob/main/.github/copilot-instructions.md,50,3,6.000000,1,1,3
christianhelle,apiclientcodegen,https://github.com/christianhelle/apiclientcodegen/blob/master/.github/copilot-instructions.md,135,8,5.925926,1,2,122
collinbarrett,FilterLists,https://github.com/collinbarrett/FilterLists/blob/main/.github/copilot-instructions.md,144,2,1.388889,1,2,99
Cysharp,MagicOnion,https://github.com/Cysharp/MagicOnion/blob/main/.github/copilot-instructions.md,31,1,3.225806,1,1,29
danielroe,roe.dev,https://github.com/danielroe/roe.dev/blob/main/.github/copilot-instructions.md,10,0,0.000000,0,1,4
debs-obrien,debbie.codes,https://github.com/debs-obrien/debbie.codes/blob/main/.github/copilot-instructions.md,34,0,0.000000,0,1,34
DestinyItemManager,DIM,https://github.com/DestinyItemManager/DIM/blob/master/.github/copilot-instructions.md,21,3,14.285714,1,1,20
dotnet,aspnetcore,https://github.com/dotnet/aspnetcore/blob/main/.github/copilot-instructions.md,29,7,24.137931,1,2,1
dotnet,core,https://github.com/dotnet/core/blob/main/.github/copilot-instructions.md,79,4,5.063291,1,5,45
dotnet,docs-aspire,https://github.com/dotnet/docs-aspire/blob/main/.github/copilot-instructions.md,37,8,21.621622,1,1,30
dotnet,docs-desktop,https://github.com/dotnet/docs-desktop/blob/main/.github/copilot-instructions.md,52,4,7.692308,1,1,4
dotnet,dotnet-api-docs,https://github.com/dotnet/dotnet-api-docs/blob/main/.github/copilot-instructions.md,48,7,14.583333,1,2,1
dotnet,fsharp,https://github.com/dotnet/fsharp/blob/main/.github/copilot-instructions.md,28,1,3.571429,1,1,16
dotnet,java-interop,https://github.com/dotnet/java-interop/blob/main/.github/copilot-instructions.md,75,4,5.333333,1,1,38
dotnet,macios,https://github.com/dotnet/macios/blob/main/.github/copilot-instructions.md,99,4,4.040404,1,1,66
dotnet,maui,https://github.com/dotnet/maui/blob/main/.github/copilot-instructions.md,231,20,8.658009,1,1,47
dotnet,runtime,https://github.com/dotnet/runtime/blob/main/.github/copilot-instructions.md,140,19,13.571429,1,1,122
dotnet,sdk,https://github.com/dotnet/sdk/blob/main/.github/copilot-instructions.md,41,7,17.073171,1,1,16
DumbWareio,DumbAssets,https://github.com/DumbWareio/DumbAssets/blob/main/.github/copilot-instructions.md,227,5,2.202643,1,1,82
dvcrn,mcp-server-siri-shortcuts,https://github.com/dvcrn/mcp-server-siri-shortcuts/blob/main/.github/copilot-instructions.md,3,0,0.000000,0,1,3
dynamoose,dynamoose,https://github.com/dynamoose/dynamoose/blob/main/.github/copilot-instructions.md,27,0,0.000000,0,1,24
Epix-Incorporated,Adonis,https://github.com/Epix-Incorporated/Adonis/blob/master/.github/copilot-instructions.md,2,1,50.000000,1,1,2
esphome,esphome,https://github.com/esphome/esphome/blob/main/.github/copilot-instructions.md,280,15,5.357143,1,1,171
FidelusAleksander,ghcertified,https://github.com/FidelusAleksander/ghcertified/blob/master/.github/copilot-instructions.md,49,4,8.163265,1,1,39
friendsofhyperf,components,https://github.com/friendsofhyperf/components/blob/main/.github/copilot-instructions.md,202,8,3.960396,1,1,151
geneontology,go-ontology,https://github.com/geneontology/go-ontology/blob/master/.github/copilot-instructions.md,260,25,9.615385,1,1,152
github,awesome-copilot,https://github.com/github/awesome-copilot/blob/main/.github/copilot-instructions.md,49,0,0.000000,0,2,39
github,branch-deploy,https://github.com/github/branch-deploy/blob/main/.github/copilot-instructions.md,52,1,1.923077,1,1,19
github,gh-gei,https://github.com/github/gh-gei/blob/main/.github/copilot-instructions.md,21,1,4.761905,1,1,19
github,gh-models,https://github.com/github/gh-models/blob/main/.github/copilot-instructions.md,42,1,2.380952,1,1,37
glu-lang,glu,https://github.com/glu-lang/glu/blob/main/.github/copilot-instructions.md,29,2,6.896552,1,1,27
GMPrakhar,MAUI-Designer,https://github.com/GMPrakhar/MAUI-Designer/blob/main/.github/copilot-instructions.md,83,0,0.000000,0,1,3
HotCakeX,Harden-Windows-Security,https://github.com/HotCakeX/Harden-Windows-Security/blob/main/.github/copilot-instructions.md,17,6,35.294118,1,1,3
humanwhocodes,crosspost,https://github.com/humanwhocodes/crosspost/blob/main/.github/copilot-instructions.md,80,6,7.500000,1,1,65
igraph,igraph,https://github.com/igraph/igraph/blob/main/.github/copilot-instructions.md,96,7,7.291667,1,1,6
intellectronica,ruler,https://github.com/intellectronica/ruler/blob/main/.github/copilot-instructions.md,19,0,0.000000,0,1,19
irihitech,Ursa.Avalonia,https://github.com/irihitech/Ursa.Avalonia/blob/main/.github/copilot-instructions.md,97,5,5.154639,1,1,79
istio,istio,https://github.com/istio/istio/blob/master/.github/copilot-instructions.md,57,1,1.754386,1,1,14
james-gould,azure-keyvault-emulator,https://github.com/james-gould/azure-keyvault-emulator/blob/master/.github/copilot-instructions.md,63,6,9.523810,1,2,63
kanisterio,kanister,https://github.com/kanisterio/kanister/blob/master/.github/copilot-instructions.md,3,0,0.000000,0,1,2
Kevinrob,guzzle-cache-middleware,https://github.com/Kevinrob/guzzle-cache-middleware/blob/master/.github/copilot-instructions.md,93,0,0.000000,0,1,61
kubefleet-dev,kubefleet,https://github.com/kubefleet-dev/kubefleet/blob/main/.github/copilot-instructions.md,44,3,6.818182,1,1,4
microsoft,ApplicationInsights-JS,https://github.com/microsoft/ApplicationInsights-JS/blob/main/.github/copilot-instructions.md,218,31,14.220183,1,1,134
microsoft,azure-pipelines-agent,https://github.com/microsoft/azure-pipelines-agent/blob/master/.github/copilot-instructions.md,71,0,0.000000,0,1,14
microsoft,FluidFramework,https://github.com/microsoft/FluidFramework/blob/main/.github/copilot-instructions.md,15,3,20.000000,1,1,15
microsoft,GSL,https://github.com/microsoft/GSL/blob/main/.github/copilot-instructions.md,54,3,5.555556,1,1,3
microsoft,Olive,https://github.com/microsoft/Olive/blob/main/.github/copilot-instructions.md,75,4,5.333333,1,1,69
microsoft,PowerToys,https://github.com/microsoft/PowerToys/blob/main/.github/copilot-instructions.md,19,2,10.526316,1,1,8
microsoft,python-environment-tools,https://github.com/microsoft/python-environment-tools/blob/main/.github/copilot-instructions.md,62,3,4.838710,1,1,45
microsoft,react-native-windows,https://github.com/microsoft/react-native-windows/blob/main/.github/copilot-instructions.md,90,4,4.444444,1,1,43
microsoft,react-native-windows-samples,https://github.com/microsoft/react-native-windows-samples/blob/main/.github/copilot-instructions.md,88,0,0.000000,0,1,88
microsoft,simplechat,https://github.com/microsoft/simplechat/blob/main/.github/copilot-instructions.md,71,8,11.267606,1,1,27
microsoft,TypeScript,https://github.com/microsoft/TypeScript/blob/main/.github/copilot-instructions.md,90,4,4.444444,1,1,7
microsoft,typespec,https://github.com/microsoft/typespec/blob/main/.github/copilot-instructions.md,88,10,11.363636,1,2,81
microsoft,vs-threading,https://github.com/microsoft/vs-threading/blob/main/.github/copilot-instructions.md,38,4,10.526316,1,1,26
microsoft,vscode-docs,https://github.com/microsoft/vscode-docs/blob/main/.github/copilot-instructions.md,1,0,0.000000,0,1,1
microsoft,vscode-jupyter,https://github.com/microsoft/vscode-jupyter/blob/main/.github/copilot-instructions.md,46,4,8.695652,1,1,46
mixpanel,mixpanel-android,https://github.com/mixpanel/mixpanel-android/blob/master/.github/copilot-instructions.md,25,5,20.000000,1,1,7
NG-ZORRO,ng-zorro-antd,https://github.com/NG-ZORRO/ng-zorro-antd/blob/master/.github/copilot-instructions.md,37,13,35.135135,1,1,14
nkdAgility,azure-devops-migration-tools,https://github.com/nkdAgility/azure-devops-migration-tools/blob/main/.github/copilot-instructions.md,228,2,0.877193,1,1,228
NuGet,NuGetGallery,https://github.com/NuGet/NuGetGallery/blob/main/.github/copilot-instructions.md,75,8,10.666667,1,1,33
obophenotype,uberon,https://github.com/obophenotype/uberon/blob/master/.github/copilot-instructions.md,85,7,8.235294,1,1,58
octgn,OCTGN,https://github.com/octgn/OCTGN/blob/master/.github/copilot-instructions.md,105,6,5.714286,1,1,6
OfficeDev,Microsoft-Teams-Samples,https://github.com/OfficeDev/Microsoft-Teams-Samples/blob/main/.github/copilot-instructions.md,33,0,0.000000,0,1,13
Open-LLM-VTuber,Open-LLM-VTuber,https://github.com/Open-LLM-VTuber/Open-LLM-VTuber/blob/main/.github/copilot-instructions.md,69,8,11.594203,1,1,36
opsmill,infrahub,https://github.com/opsmill/infrahub/blob/master/.github/copilot-instructions.md,20,0,0.000000,0,1,4
owid,owid-grapher,https://github.com/owid/owid-grapher/blob/master/.github/copilot-instructions.md,63,4,6.349206,1,1,11
owncast,owncast,https://github.com/owncast/owncast/blob/master/.github/copilot-instructions.md,73,9,12.328767,1,1,61
primer,react,https://github.com/primer/react/blob/main/.github/copilot-instructions.md,93,3,3.225806,1,2,58
projectcalico,calico,https://github.com/projectcalico/calico/blob/master/.github/copilot-instructions.md,99,1,1.010101,1,1,93
pulumi,docs,https://github.com/pulumi/docs/blob/master/.github/copilot-instructions.md,3,0,0.000000,0,1,3
raycast,extensions,https://github.com/raycast/extensions/blob/main/.github/copilot-instructions.md,86,13,15.116279,1,1,31
saleor,apps,https://github.com/saleor/apps/blob/main/.github/copilot-instructions.md,27,1,3.703704,1,1,21
sarchlab,akita,https://github.com/sarchlab/akita/blob/main/.github/copilot-instructions.md,86,8,9.302326,1,1,64
ShaunLawrie,PwshSpectreConsole,https://github.com/ShaunLawrie/PwshSpectreConsole/blob/main/.github/copilot-instructions.md,36,5,13.888889,1,1,2
Significant-Gravitas,AutoGPT,https://github.com/Significant-Gravitas/AutoGPT/blob/master/.github/copilot-instructions.md,166,5,3.012048,1,1,111
Skyscanner,backpack-ios,https://github.com/Skyscanner/backpack-ios/blob/main/.github/copilot-instructions.md,289,5,1.730104,1,1,71
SparkDevNetwork,Rock,https://github.com/SparkDevNetwork/Rock/blob/master/.github/copilot-instructions.md,221,24,10.859729,1,1,183
sybrew,the-seo-framework,https://github.com/sybrew/the-seo-framework/blob/master/.github/copilot-instructions.md,144,34,23.611111,1,1,140
syntaxfm,website,https://github.com/syntaxfm/website/blob/main/.github/copilot-instructions.md,98,5,5.102041,1,1,31
timmo001,system-bridge,https://github.com/timmo001/system-bridge/blob/master/.github/copilot-instructions.md,17,1,5.882353,1,1,7
triggerdotdev,trigger.dev,https://github.com/triggerdotdev/trigger.dev/blob/main/.github/copilot-instructions.md,12,3,25.000000,1,1,12
vczh-libraries,GacUI,https://github.com/vczh-libraries/GacUI/blob/master/.github/copilot-instructions.md,100,9,9.000000,1,1,33
wangkanai,wangkanai,https://github.com/wangkanai/wangkanai/blob/main/.github/copilot-instructions.md,2,0,0.000000,0,1,2
wled,WLED,https://github.com/wled/WLED/blob/main/.github/copilot-instructions.md,90,8,8.888889,1,1,53
wvlet,airframe,https://github.com/wvlet/airframe/blob/main/.github/copilot-instructions.md,54,4,7.407407,1,1,35
zeroc-ice,ice-demos,https://github.com/zeroc-ice/ice-demos/blob/main/.github/copilot-instructions.md,13,0,0.000000,0,1,13
zfit,zfit,https://github.com/zfit/zfit/blob/main/.github/copilot-instructions.md,2,0,0.000000,0,1,2
zwave-js,zwave-js,https://github.com/zwave-js/zwave-js/blob/master/.github/copilot-instructions.md,56,9,16.071429,1,1,39
zwave-js,zwave-js-ui,https://github.com/zwave-js/zwave-js-ui/blob/master/.github/copilot-instructions.md,195,12,6.153846,1,2,132
rainbow-me,browser-extension,https://github.com/rainbow-me/browser-extension/blob/master/AGENTS.md,70,0,0.000000,0,1,70
